374,112,33,178,56,459,209,282,471,162,344,146,245,6,217,51,18,484,437,263
363,276,196,377,415,320,167,252,87,297,32,130,31,473,242,163,382,440,295,308
425,443,247,398,127,230,376,324,370,173,340,496,188,64,119,400,113,492,218,45
55,109,151,88,445,148,391,490,25,367,232,288,416,135,458,152,311,384,176,164
220,309,290,404,189,48,469,43,446,237,418,392,303,246,317,422,455,300,63,213
421,194,296,364,465,37,436,286,338,234,358,144,262,59,315,485,488,1,67,319
107,254,314,239,85,393,9,368,158,7,349,12,251,38,115,271,464,435,326,103
351,168,22,494,318,305,174,193,132,150,223,211,417,378,155,284,439,339,121,453
179,280,96,98,386,76,456,69,497,219,381,387,447,29,26,294,426,187,92,476
61,186,216,357,277,139,111,101,244,52,30,8,348,39,275,495,20,94,122,105
